county,year_month,q_avgtempF,q_avghumid,GIS_ACRES
Kern County,2008-07,29.062211981566826,90.67281105990784,89.24692099999999
Kern County,2008-09,55.90573476702508,43.77311827956991,56.534851
Kern County,2009-04,49.30798771121352,79.25307219662058,14.439046
Kern County,2009-05,66.8021505376344,49.38458781362007,671.229665
Kern County,2009-06,58.1931899641577,50.48888888888888,1223.587659
Kern County,2009-07,49.48041474654378,64.04454685099846,233.74137100000002
Kern County,2009-08,69.19928315412186,59.0516129032258,195.27336300000002
Kern County,2009-09,65.67670250896059,60.5336917562724,15.600183
Kern County,2009-10,70.54408602150538,57.555197132616485,248.480728
Kern County,2010-03,66.26845878136201,52.95197132616488,98.147751
Kern County,2010-05,73.68064516129033,60.63154121863799,3443.532411
Kern County,2010-06,59.8673835125448,45.19677419354839,24.587246
Kern County,2010-07,74.5989247311828,47.617562724014334,3178.4079469999997
Kern County,2010-08,71.07240143369175,48.943010752688174,1879.234782
Kern County,2010-09,61.3706093189964,72.06559139784946,203.81558
Kern County,2011-05,31.493906810035835,79.31182795698923,69.24511
Kern County,2011-06,52.28064516129032,54.78422939068099,8358.67176
Kern County,2011-07,50.71850998463901,81.51382488479264,272.91069100000004
Kern County,2011-08,52.89283154121864,70.2853046594982,1751.36339
Kern County,2011-09,66.72150537634407,47.29713261648745,94189.09606
Kern County,2012-01,56.93394777265744,59.62058371735791,15.1098605
Kern County,2012-02,55.45591397849461,62.24731182795697,24.086668217
Kern County,2012-03,44.75949820788531,82.40645161290324,26.295741900000003
Kern County,2012-04,41.93356374807988,85.91743471582181,18.33755944
Kern County,2012-06,57.478853046594985,69.27562724014336,643.93714294
Kern County,2012-07,48.829109062980045,75.27419354838709,2013.77331591
Kern County,2012-08,84.7931899641577,17.39820788530466,14064.0505012
Kern County,2012-09,74.63440860215054,21.132974910394264,0.87484509
Kern County,2012-10,57.89746543778802,35.82872503840246,2.4540067
Kern County,2012-11,59.33046594982079,36.230824372759855,4.3334951
Kern County,2013-04,75.81075268817204,55.135842293906805,18.69010225
Kern County,2013-05,75.24193548387096,54.69713261648745,4365.21010757
Kern County,2013-06,71.93405017921147,29.084229390681003,4.3215066
Kern County,2013-07,88.10430107526882,23.949820788530463,1327.4380706
Kern County,2013-08,87.30286738351253,25.784587813620067,41.8281098
Kern County,2013-09,65.50286738351254,63.145519713261656,4.4983172
Kern County,2013-10,75.04838709677419,58.52795698924732,7.3469386
Kern County,2014-04,74.5,38.563440860215046,223.77972
Kern County,2014-07,51.12327188940092,69.59062980030721,93.046127
Kern County,2014-08,51.63440860215053,45.63548387096774,4011.566181
Kern County,2014-09,69.53297491039426,36.04910394265233,46.143013
Kern County,2015-04,61.18010752688172,40.19009216589861,8.0956573
Kern County,2015-05,56.87275985663083,41.12043010752687,7.4692373
Kern County,2015-07,51.24039938556067,66.69508448540707,62.686375
Kern County,2015-08,79.80322580645162,43.764874551971324,29.760997
Kern County,2015-09,65.23010752688174,54.99247311827957,26.894831
Kern County,2016-04,87.0279569892473,26.17813620071684,51.5406535
Kern County,2016-05,82.77204301075268,37.06272401433691,36.98725581
Kern County,2016-06,66.66093189964158,49.27992831541218,51413.4668465
Kern County,2016-07,77.02043010752688,36.06308243727599,1920.7533292300002
Kern County,2016-08,74.5716845878136,44.56989247311828,833.8995420000001
Kern County,2016-10,73.8505376344086,59.1021505376344,1.1729813
Kern County,2017-04,81.39999999999999,44.29247311827959,49.3376421
Kern County,2017-05,51.36738351254481,79.7448028673835,573.6904975
Kern County,2017-06,67.24587813620072,57.6594982078853,258.6696274
Kern County,2017-07,78.56129032258066,49.82580645161289,4208.946526600001
Kern County,2017-08,37.89749103942652,73.3888888888889,9011.375240673
Kern County,2017-09,56.83405017921146,53.13476702508961,52.0456394
Kern County,2017-10,46.614439324116745,77.42511520737328,74.866297
Kern County,2017-11,48.99032258064516,65.90860215053763,3.9798951
Kern County,2017-12,63.84301075268818,38.06594982078853,22.354378
Kern County,2018-02,53.05985663082436,71.67060931899641,0.53933132
Kern County,2018-03,57.70143369175627,48.246953405017926,0.22155429
Kern County,2018-04,55.82834101382489,47.73771121351766,4.7171197
Kern County,2018-05,56.008243727598575,54.05412186379928,17.81522664
Kern County,2018-06,60.631541218637985,68.31397849462365,51.195301099999995
Kern County,2018-07,57.22388632872503,70.76497695852534,484.6665334
Kern County,2018-09,65.18745519713262,68.83046594982079,203.9747227
Kern County,2019-05,76.89283154121864,43.58458781362007,3624.8420849999998
Kern County,2019-06,58.9168458781362,70.6440860215054,18.745783
Kern County,2019-07,76.19211469534049,53.272759856630834,239.45371
Kern County,2019-09,51.93512544802868,50.785304659498216,41.7032843
Kern County,2019-10,65.05232974910395,48.13906810035842,65.7332481
Kern County,2019-11,68.18315412186382,45.97992831541219,14.535879
Kern County,2020-05,54.29068100358423,71.82186379928315,21.870525
Kern County,2020-06,64.72007168458781,71.23906810035844,1224.0205387
Kern County,2020-07,72.28028673835125,64.09784946236559,3281.0490961
Kern County,2020-08,50.14910394265231,56.36129032258065,7954.2257057
Kern County,2020-09,66.29283154121862,52.77132616487455,51.3524913
Kern County,2020-10,55.78725038402458,63.18932411674348,55.8712178
Kern County,2020-11,57.75304659498208,45.956272401433694,20374.488
Kern County,2020-12,68.00645161290323,50.91182795698925,22.36359
Los Angeles County,2008-07,42.46702508960573,62.71433691756272,51.12194303
Los Angeles County,2008-08,60.02222222222222,49.03261648745521,301.60824289999994
Los Angeles County,2008-09,73.97025089605735,38.00788530465951,128.4776358
Los Angeles County,2008-10,57.39677419354839,73.08351254480287,19384.3790402
Los Angeles County,2008-11,78.46594982078852,46.609318996415766,11261.9692539
Los Angeles County,2008-12,83.85376344086022,41.52544802867384,15.268284
Los Angeles County,2009-05,75.05304659498206,36.35448028673835,442.486927
Los Angeles County,2009-06,49.15937019969277,46.90130568356373,375.721543
Los Angeles County,2009-07,57.56164874551971,50.71254480286737,875.1619666
Los Angeles County,2009-08,59.44162826420891,59.3436507936508,163309.31938149998
Los Angeles County,2009-09,59.8636712749616,45.19854070660522,97.75196340000001
Los Angeles County,2009-10,68.14910394265233,44.8326164874552,18.623386
Los Angeles County,2009-11,52.54239631336406,77.81067588325652,155.28372
Los Angeles County,2010-05,63.12875064004097,56.61016385048644,3.6281228
Los Angeles County,2010-06,56.163978494623656,53.72811059907836,57.5271119
Los Angeles County,2010-07,61.05197132616488,61.17813620071684,13662.278397
Los Angeles County,2010-08,47.35960061443933,80.86438812083973,184.089505
Los Angeles County,2010-09,64.54767025089605,71.53906810035842,76.5185809
Los Angeles County,2011-01,60.07311827956988,78.09139784946235,0.093954369
Los Angeles County,2011-05,61.18888888888889,49.33727598566308,443.809619
Los Angeles County,2011-06,72.45663082437274,38.68136200716845,158.589778
Los Angeles County,2011-07,55.19462365591397,56.893189964157706,155.578690262
Los Angeles County,2011-08,71.01218637992832,56.80322580645162,552.2444677200001
Los Angeles County,2011-09,80.31935483870969,53.19390681003584,1220.430719
Los Angeles County,2011-10,48.13799283154122,64.91397849462365,2.236419891
Los Angeles County,2012-01,56.32867383512544,56.29534050179211,12.94088785
Los Angeles County,2012-02,71.13799283154121,51.635125448028674,4.1140103
Los Angeles County,2012-03,40.9758064516129,78.04531490015361,6.355279390000001
Los Angeles County,2012-04,46.38996415770609,60.60824372759858,7.086761
Los Angeles County,2012-05,68.27455197132616,49.323655913978506,133.95778
Los Angeles County,2012-06,45.564516129032256,80.54915514592933,630.17412502
Los Angeles County,2012-07,50.91362007168459,76.62974910394266,1020.2158722
Los Angeles County,2012-08,73.96630824372761,45.62724014336919,167.5199344
Los Angeles County,2012-09,51.14132104454686,39.354454685099846,4273.2247056
Los Angeles County,2012-10,66.8605734767025,22.483870967741936,20.376401599999998
Los Angeles County,2012-11,30.876344086021508,85.00506912442397,7.4728813
Los Angeles County,2013-03,31.908986175115206,80.0610599078341,0.085204504
Los Angeles County,2013-04,69.80967741935483,57.33906810035842,10.920642
Los Angeles County,2013-05,58.844572452636974,71.8156938044035,31242.3208585
Los Angeles County,2013-06,50.93279569892472,72.21620583717359,65.1753179
Los Angeles County,2013-07,72.24910394265233,31.828673835125446,5381.765930410001
Los Angeles County,2013-08,64.00883256528418,30.987403993855608,628.1603336
Los Angeles County,2013-10,69.56845878136203,56.65985663082438,6.4216747
Los Angeles County,2013-11,59.1483614951357,58.46144393241169,14.52183
Los Angeles County,2013-12,65.0415770609319,43.67813620071684,12.892859
Los Angeles County,2014-01,45.6426523297491,64.75340501792114,1959.07726139
Los Angeles County,2014-03,71.00465949820789,49.79068100358423,117.04554
Los Angeles County,2014-04,60.2078853046595,64.92867383512545,0.291232169
Los Angeles County,2014-05,76.25017921146953,44.805734767025086,0.384704136
Los Angeles County,2014-06,81.69856630824371,47.235842293906806,3.0715257080000002
Los Angeles County,2014-08,74.5706093189964,42.84372759856631,459.16757305
Los Angeles County,2014-11,69.99318996415771,56.04372759856631,1.1526106569999999
Los Angeles County,2015-03,60.68817204301076,78.82867383512544,1.2048074
Los Angeles County,2015-04,63.54372759856631,43.50143369175627,8.327044199
Los Angeles County,2015-05,84.81684587813619,29.99462365591397,112.89029651999999
Los Angeles County,2015-06,48.73425499231951,64.39439324116744,832.4526827
Los Angeles County,2015-07,58.26953405017921,48.30824372759857,191.634739098
Los Angeles County,2015-08,73.81146953405018,34.421146953405014,2007.0587443
Los Angeles County,2015-09,50.37288786482336,55.08794162826421,88.7426515
Los Angeles County,2015-10,55.7494623655914,66.73548387096774,11.08315082
Los Angeles County,2015-11,47.24641577060931,78.76781874039939,44.044411779
Los Angeles County,2016-02,33.77250384024578,83.26454173067076,11.32529
Los Angeles County,2016-04,41.3483870967742,61.467383512544814,165.5614449
Los Angeles County,2016-05,61.34073220686124,48.41228878648233,160.5412449
Los Angeles County,2016-06,54.134792626728114,58.996159754224266,5885.229611909999
Los Angeles County,2016-07,60.46881720430107,55.82007168458782,42280.311555399996
Los Angeles County,2016-08,52.59306195596517,58.061546338965705,8.23341087
Los Angeles County,2016-09,45.726958525345616,62.759216589861744,28.4798224
Los Angeles County,2016-10,62.74444444444445,66.13010752688172,191.987659
Los Angeles County,2016-11,55.80857654889913,73.13594470046081,47.875067102
Los Angeles County,2016-12,82.01827956989247,34.254838709677415,5.9663716
Los Angeles County,2017-04,71.21612903225807,55.03369175627242,2.5252764
Los Angeles County,2017-05,74.36164874551973,50.64623655913979,23.1663074
Los Angeles County,2017-06,73.15770609318997,60.07275985663082,1668.67778075
Los Angeles County,2017-07,68.5562724014337,55.6964157706093,271.967692428
Los Angeles County,2017-08,62.559498207885305,51.32401433691757,122.5007773
Los Angeles County,2017-09,71.42078853046596,46.22616487455196,7051.79152096
Los Angeles County,2017-10,58.79892473118278,58.17491039426523,45.439124975
Los Angeles County,2017-11,72.76594982078853,39.60896057347672,0.317371193
Los Angeles County,2017-12,81.46200716845878,38.19569892473118,22038.35235994
Los Angeles County,2018-01,58.75304659498208,54.329749103942646,2.6000354
Los Angeles County,2018-02,82.28924731182795,37.31863799283154,0.025269888
Los Angeles County,2018-04,55.427598566308255,49.27921146953404,7.7679405
Los Angeles County,2018-05,78.24802867383512,36.11075268817205,33.05858079
Los Angeles County,2018-06,50.24155145929339,70.14669738863286,2962.37188685
Los Angeles County,2018-07,59.13978494623657,44.25448028673835,90.717674
Los Angeles County,2018-08,78.28136200716845,42.95412186379927,9.1790104
Los Angeles County,2018-09,58.72350230414746,63.412442396313374,3720.8483386400003
Los Angeles County,2018-10,67.77921146953405,53.8494623655914,4.8496255800000005
Los Angeles County,2018-11,80.57060931899643,53.32437275985664,96970.083713726
Los Angeles County,2018-12,60.03686635944701,37.68663594470046,2.1808496
Los Angeles County,2019-07,66.01290322580645,57.23942652329749,21.48666
Los Angeles County,2019-08,53.45880696364568,71.75826932923707,2595.9443452
Los Angeles County,2019-09,45.28801843317972,79.18855606758831,10.50961
Los Angeles County,2019-10,46.60286738351255,75.04767025089605,14213.5075938
Los Angeles County,2019-11,41.59603174603176,77.06712749615974,68.8512236
Los Angeles County,2020-05,37.58533026113671,69.34190988223246,19.8913653
Los Angeles County,2020-06,62.63727598566308,76.97240143369176,365.8877222
Los Angeles County,2020-07,63.60573476702509,71.41935483870968,2743.6397121
Los Angeles County,2020-08,77.03799283154122,40.077777777777776,42974.9041397
Los Angeles County,2020-09,85.54336917562723,34.67562724014337,116263.3186751
Los Angeles County,2020-10,71.80931899641574,50.77670250896057,10484.0124577
Los Angeles County,2020-11,72.33297491039427,50.43584229390681,129.4082109
Los Angeles County,2020-12,75.40286738351254,52.02150537634409,8.7979459
Mariposa County,2008-07,67.30896057347671,46.58136200716846,35658.83486
Mariposa County,2008-09,32.114439324116745,87.10983102918588,289.991866
Mariposa County,2008-10,71.64623655913978,61.61935483870968,31.247882
Mariposa County,2009-05,60.24480286738351,68.63799283154121,3133.772897
Mariposa County,2009-06,68.76344086021506,50.17096774193548,1653.4879
Mariposa County,2009-07,65.47240143369176,53.234050179211465,1344.193325
Mariposa County,2009-08,70.56272401433692,47.456272401433694,7553.2148
Mariposa County,2010-06,82.15806451612904,46.17921146953407,2062.51737
Mariposa County,2010-07,43.3741935483871,69.22759856630823,1726.500998
Mariposa County,2010-08,62.92186379928315,49.30860215053764,1446.400416
Mariposa County,2011-06,36.14400921658986,83.40629800307218,771.40238
Mariposa County,2011-09,52.476574500768045,72.67780337941628,1037.0018519999999
Mariposa County,2011-12,48.11059907834101,71.43394777265743,19.640259
Mariposa County,2012-05,51.01218637992832,74.18064516129034,1662.4
Mariposa County,2012-06,71.05663082437276,64.23405017921147,1715.072279
Mariposa County,2012-08,72.49856630824372,23.962724014336917,728.7690960000001
Mariposa County,2012-09,95.64802867383514,19.828673835125446,14.658398
Mariposa County,2013-03,71.0089605734767,40.65949820788531,0.343236
Mariposa County,2013-04,50.73046594982079,73.44874551971326,183.64243
Mariposa County,2013-05,67.95412186379929,57.21971326164874,237.752316026
Mariposa County,2013-06,80.9494623655914,47.73870967741936,2189.648987775
Mariposa County,2013-07,51.06451612903226,37.41290322580645,22937.917092661002
Mariposa County,2013-08,71.6663082437276,30.21720430107527,0.555478215
Mariposa County,2013-09,53.00537634408602,73.97580645161291,0.39653868999999997
Mariposa County,2014-01,30.0021505376344,79.04910394265232,13.865872
Mariposa County,2014-05,57.48996415770609,70.20860215053763,690.98199
Mariposa County,2014-06,56.67242703533025,62.16321044546851,212.18411290999998
Mariposa County,2014-07,53.32508960573475,68.60250896057347,23383.38761119
Mariposa County,2014-08,59.46236559139785,68.20860215053763,615.03677189
Mariposa County,2014-09,49.70430107526882,81.0937019969278,561.6071801100001
Mariposa County,2014-10,75.81684587813619,50.82616487455198,313.08837509
Mariposa County,2014-11,63.57956989247313,62.06344086021506,0.10080231
Mariposa County,2015-06,79.93297491039426,27.11827956989248,1613.233963
Mariposa County,2015-07,75.00967741935484,39.69784946236559,160899.30982286998
Mariposa County,2015-08,62.46523297491039,56.46523297491039,72.76581999999999
Mariposa County,2015-10,82.8878136200717,39.79068100358423,38.61060605
Mariposa County,2016-02,52.328315412186384,54.82114695340501,0.15896426
Mariposa County,2016-05,69.86272401433692,35.66881720430107,39.075326004000004
Mariposa County,2016-06,87.31433691756273,32.50071684587814,2249.302188658
Mariposa County,2016-07,42.60501792114695,74.64587813620072,343.859767335
Mariposa County,2016-08,59.44946236559139,48.44086021505377,85.29458796099999
Mariposa County,2016-09,84.17204301075269,23.867025089605733,823.591662263
Mariposa County,2016-10,50.6078853046595,69.5021505376344,2099.5330425350003
Mariposa County,2017-05,61.781720430107534,66.57706093189962,1730.4664
Mariposa County,2017-06,55.58448540706606,68.57334869431644,1986.913632397
Mariposa County,2017-07,58.3068100358423,59.00179211469533,90612.844969199
Mariposa County,2017-08,42.330107526881726,84.18566308243729,20816.586826088
Mariposa County,2017-09,40.86904761904761,83.2826420890937,2347.382142424
Mariposa County,2018-05,64.38566308243729,58.48888888888889,1739.069
Mariposa County,2018-06,86.2347670250896,32.992831541218635,5174.601382
Mariposa County,2018-07,83.34587813620071,36.34802867383512,96916.92422690001
Mariposa County,2018-08,63.76272401433692,66.71326164874552,22.008579
Mariposa County,2018-09,73.47741935483872,62.28602150537635,772.442274
Mariposa County,2018-10,71.51648745519714,70.50000000000001,30.344709
Mariposa County,2019-06,82.31577060931899,39.30215053763442,8.951272
Mariposa County,2019-07,46.87491039426524,73.44659498207885,113.41416100000001
Mariposa County,2019-08,63.62329749103943,59.48351254480286,1407.55825
Mariposa County,2019-10,30.76164874551972,66.44086021505376,5508.3501
Mariposa County,2019-12,54.25192012288786,72.27995391705069,12.634579
Mariposa County,2020-06,53.07526881720431,69.91628264208909,2774.6695887
Mariposa County,2020-07,58.916129032258056,62.67060931899641,7121.6621509999995
Mariposa County,2020-08,56.450179211469525,67.59390681003585,3279.808301
Mariposa County,2020-09,56.607526881720425,57.45967741935484,380536.88953
Napa County,2008-08,67.39820788530466,44.73225806451614,348.149104
Napa County,2008-10,80.35448028673835,50.22078853046596,233.10208
Napa County,2009-06,61.21720430107527,48.91039426523296,677.44049
Napa County,2009-09,72.31146953405018,49.67025089605735,1774.67663
Napa County,2010-08,49.80824372759856,62.69354838709677,346.92444
Napa County,2011-08,74.48279569892473,53.924372759856624,1239.21951
Napa County,2012-02,75.90358422939067,47.886021505376334,196.72179
Napa County,2012-07,69.9383512544803,64.99928315412187,5031.248189999999
Napa County,2012-08,52.61792114695341,43.06164874551971,7934.0054
Napa County,2012-09,73.07132616487455,26.345878136200717,17942.148
Napa County,2012-10,98.05591397849462,17.42078853046595,319.7247052
Napa County,2013-01,67.33727598566308,30.83405017921147,318.59164
Napa County,2013-04,52.053763440860216,81.02227342549924,62.4126832
Napa County,2013-05,54.05985663082438,67.62078853046594,119.4951817
Napa County,2013-06,69.53691756272401,42.93440860215054,35.051228
Napa County,2013-07,54.63210445468511,37.494239631336406,188.134486
Napa County,2013-08,53.24910394265233,43.279928315412185,126.67360399999998
Napa County,2013-09,62.77275985663082,64.11971326164876,106.7327387
Napa County,2013-10,55.86482334869432,67.31874039938556,481.10979806
Napa County,2013-11,57.03512544802868,60.61039426523299,3848.611903
Napa County,2014-04,45.05453149001536,68.97119815668201,20.535751
Napa County,2014-06,64.42078853046594,60.27455197132616,129.419713
Napa County,2014-07,51.7626728110599,70.7983870967742,10920.873317
Napa County,2014-08,74.9494623655914,47.915770609319,367.99008
Napa County,2014-09,61.333333333333336,68.52688172043011,87.802177
Napa County,2015-06,62.8068100358423,47.23906810035842,27.718691
Napa County,2015-07,80.3236559139785,34.16200716845878,77487.4985
Napa County,2015-08,79.86164874551972,32.99498207885305,25281.711714
Napa County,2015-09,68.22903225806452,49.0652329749104,76972.77155
Napa County,2016-06,70.61899641577061,42.33942652329748,366.72574099999997
Napa County,2016-07,41.683947772657454,77.14669738863289,221.457401
Napa County,2016-08,40.26379928315411,73.81648745519713,9802.413431
Napa County,2016-09,68.58172043010752,28.84982078853046,1546.7014
Napa County,2017-05,72.92544802867383,57.878136200716845,12.651321
Napa County,2017-06,62.93584229390681,65.80967741935483,11.683084
Napa County,2017-07,54.40476190476191,66.42089093701996,2524.9091097
Napa County,2017-08,59.4089605734767,63.4573476702509,275.6264164
Napa County,2017-09,49.41433691756272,76.53727598566309,105.121263
Napa County,2017-10,80.8437275985663,30.334767025089604,202967.62618199998
Napa County,2018-05,82.48960573476703,37.932974910394265,18.3760996
Napa County,2018-06,69.14229390681002,46.57168458781362,105041.9927842
Napa County,2018-07,85.3616487455197,39.69605734767024,460229.38398199994
Napa County,2018-08,79.73333333333333,45.46738351254479,2384.254895
Napa County,2018-09,68.90645161290324,57.73082437275986,2547.888649
Napa County,2019-06,66.99462365591398,47.703584229390685,2438.03696
Napa County,2019-07,47.17434715821812,83.05952380952381,48.001408
Napa County,2019-09,62.83548387096774,46.82580645161289,92.873625
Napa County,2019-10,31.096774193548395,76.77995391705069,78288.99885
Napa County,2019-11,29.50179211469536,84.02043010752688,73.550552
Napa County,2020-02,57.60322580645161,68.76164874551971,6.5255814
Napa County,2020-03,38.69820788530466,84.05555555555556,21.917231
Napa County,2020-04,38.32027649769586,81.02534562211981,1.0706677
Napa County,2020-06,57.941218637992826,73.05842293906811,2119.4483472
Napa County,2020-07,57.46198156682027,64.57104454685101,245.2086956
Napa County,2020-08,77.25985663082436,46.96164874551971,363528.6310013
Napa County,2020-09,65.30501792114694,52.65591397849462,67559.9608909
Napa County,2020-10,51.31221198156679,64.39516129032258,177.9975877
Napa County,2020-11,70.42867383512545,54.694265232974914,2.3748472
Riverside County,2008-08,36.88817204301075,79.36594982078854,20.178473
Riverside County,2008-11,62.52795698924732,51.6741935483871,30305.232
Riverside County,2009-03,52.15104966717869,69.79508448540706,67.66906
Riverside County,2009-04,45.84562211981567,80.01651305683565,161.547816
Riverside County,2009-05,60.02652329749103,52.97777777777778,450.75568
Riverside County,2009-07,50.32987711213519,58.25960061443931,567.9544510000001
Riverside County,2009-09,65.5757040450589,51.37240143369176,538.39464
Riverside County,2010-05,69.12974910394266,59.76953405017922,1898.3160375999998
Riverside County,2010-06,68.4326164874552,41.30394265232975,281.025085
Riverside County,2010-07,75.7100358422939,44.15089605734767,3733.292475
Riverside County,2010-08,63.69390681003584,59.94802867383513,485.990375
Riverside County,2010-09,64.46451612903225,74.71290322580644,277.132336
Riverside County,2010-10,62.76666666666666,80.07347670250896,31.920403
Riverside County,2011-05,41.11756272401433,68.62365591397848,1298.836556
Riverside County,2011-06,63.868458781362,41.67096774193548,173.055851
Riverside County,2011-07,48.48195084485406,82.04070660522274,304.35704
Riverside County,2011-08,58.15089605734767,68.04874551971325,2063.633203
Riverside County,2011-09,73.47670250896057,47.09462365591397,680.1461099999999
Riverside County,2011-10,43.32987711213517,63.16205837173578,82.619641
Riverside County,2012-05,51.718996415770604,58.16845878136203,707.353543
Riverside County,2012-06,52.26879160266257,71.45650281618025,2883.8528256
Riverside County,2012-07,49.45276497695853,69.05913978494624,303.120992
Riverside County,2012-08,74.39569892473118,21.522222222222226,38522.56620919
Riverside County,2012-09,69.05337941628265,21.55540194572453,10124.600733000001
Riverside County,2012-11,50.87347670250896,45.47813620071685,152.134997
Riverside County,2013-02,57.08673835125448,50.2247311827957,362.23776
Riverside County,2013-03,36.58092677931388,83.6741679467486,77.830887
Riverside County,2013-04,73.17741935483872,60.60250896057348,261.724
Riverside County,2013-05,69.92724014336916,59.820788530465954,3389.5955873
Riverside County,2013-06,82.68028673835126,22.551971326164875,40.46907
Riverside County,2013-07,89.91541218637992,22.31648745519713,208.667922
Riverside County,2013-08,79.00322580645161,26.44336917562724,20375.912358
Riverside County,2013-09,71.81577060931899,59.03620071684588,90.077751
Riverside County,2013-10,74.22616487455197,61.87240143369177,24.745316
Riverside County,2013-11,69.33225806451614,53.481003584229406,27.819542
Riverside County,2014-02,46.6652329749104,59.36702508960573,19.093983
Riverside County,2014-05,55.56021505376344,55.5415770609319,23.447206
Riverside County,2014-06,75.06415770609317,49.29462365591397,105.2040598
Riverside County,2014-07,48.56413210445469,67.57987711213518,77.768639
Riverside County,2015-03,60.58645673323093,45.19833589349719,16.008833
Riverside County,2015-04,57.42741935483871,46.42665130568356,1048.6893
Riverside County,2015-06,52.71779313876088,56.46876600102406,32.7923226
Riverside County,2015-07,48.28341013824885,66.7273425499232,222.0735739
Riverside County,2015-08,71.27670250896058,50.770609318996414,543.53662
Riverside County,2015-09,58.18863287250385,65.91298003072195,12.936362
Riverside County,2015-10,48.97158218125961,73.01804915514593,69.169411
Riverside County,2016-04,87.33906810035842,27.722580645161287,16.507524
Riverside County,2016-05,75.31899641577061,41.68602150537634,938.971466
Riverside County,2016-06,60.52345110087045,53.58983614951355,139.96181
Riverside County,2016-07,76.60931899641577,37.71863799283155,151.1728721
Riverside County,2016-08,64.52293906810034,57.67885304659499,1494.853767
Riverside County,2016-10,74.16164874551971,56.413261648745504,14.049767
Riverside County,2017-03,74.48243727598566,46.50537634408602,66.998634
Riverside County,2017-04,82.17777777777778,43.64802867383514,1089.230028
Riverside County,2017-05,56.292114695340516,75.89534050179212,266.7570336
Riverside County,2017-06,74.30716845878136,57.029390681003576,6450.13
Riverside County,2017-07,76.89462365591397,49.92580645161289,232.087199
Riverside County,2017-08,44.45663082437276,68.02329749103943,1098.77063
Riverside County,2017-09,67.54014336917562,40.89856630824372,3899.1452759999997
Riverside County,2017-10,44.442396313364064,76.65092165898618,41.77808
Riverside County,2018-05,61.277060931899655,46.89283154121864,1260.9869
Riverside County,2018-06,55.06011264720942,73.21643625192013,156.37726
Riverside County,2018-09,61.78307731694829,65.03438300051204,21.580156
Riverside County,2019-03,56.394982078853054,77.51994367639529,594.5017839999999
Riverside County,2019-06,52.39073220686124,74.93978494623657,566.9267629999999
Riverside County,2019-07,73.66989247311828,59.58387096774194,97.78611599999999
Riverside County,2019-08,67.37096774193549,59.79283154121863,110.865265
Riverside County,2019-09,61.89856630824372,40.36415770609319,2522.97568
Riverside County,2019-10,68.10788530465949,45.76129032258064,1773.54142
Riverside County,2020-06,66.736917562724,74.05985663082437,269.35031299999997
Riverside County,2020-07,71.7358422939068,64.68673835125448,42673.601392000004
Riverside County,2020-08,55.70824372759856,52.28602150537634,163.369632
Riverside County,2020-09,76.63978494623655,40.24372759856631,6321.851535
Riverside County,2020-12,73.07132616487456,51.31182795698925,3040.351
San Luis Obispo County,2008-07,40.951843317972354,69.73502304147466,171.35752399999998
San Luis Obispo County,2008-08,35.24654377880184,66.9731182795699,40.250526
San Luis Obispo County,2008-11,53.344086021505376,72.8594470046083,82.361921
San Luis Obispo County,2009-04,52.360906298003066,74.72931387608809,23.422054
San Luis Obispo County,2009-07,77.12759856630824,45.617921146953414,166.69321750999998
San Luis Obispo County,2009-11,72.69749103942652,67.17813620071685,83.740402
San Luis Obispo County,2010-06,49.508602150537634,54.10430107526881,10.187359
San Luis Obispo County,2010-08,52.95430107526882,70.49500768049155,53.33189
San Luis Obispo County,2010-10,63.54086021505376,77.98709677419355,305.44199
San Luis Obispo County,2011-05,37.90284178187404,71.15860215053762,209.16286150000002
San Luis Obispo County,2011-06,41.06881720430108,62.11182795698924,510.23152000000005
San Luis Obispo County,2011-07,52.88694316436252,73.12078853046596,64.06134119999999
San Luis Obispo County,2011-08,47.05107526881721,79.35944700460828,64.048431
San Luis Obispo County,2011-09,65.75519713261649,55.751612903225805,1612.177042
San Luis Obispo County,2012-07,51.154249871991816,73.32785458269329,636.8793069999999
San Luis Obispo County,2012-08,97.2,17.63189964157706,312.03072
San Luis Obispo County,2013-05,80.70573476702508,48.458781362007166,30.291191
San Luis Obispo County,2013-06,57.07849462365592,50.23118279569892,9.9261951
San Luis Obispo County,2013-07,84.82939068100359,26.15448028673835,60.895123
San Luis Obispo County,2013-09,58.43405017921148,68.87777777777778,94.406113
San Luis Obispo County,2013-11,28.6562980030722,93.59869431643624,51.073147
San Luis Obispo County,2014-01,56.61720430107527,45.34336917562723,21.944271
San Luis Obispo County,2014-09,58.96917562724014,45.1258064516129,10.226902
San Luis Obispo County,2015-04,65.16804915514592,41.34116743471582,20.634411
San Luis Obispo County,2015-06,71.05555555555556,31.520071684587812,1812.3151
San Luis Obispo County,2015-07,53.84728622631848,60.60650281618024,94.627106
San Luis Obispo County,2015-08,78.19856630824374,51.19892473118279,2458.003727
San Luis Obispo County,2016-04,82.68422939068101,30.049462365591395,49.835482999999996
San Luis Obispo County,2016-05,90.27526881720428,32.771326164874544,203.564178
San Luis Obispo County,2016-06,50.30609318996415,49.73620071684588,155.99142
San Luis Obispo County,2016-07,71.55232974910393,36.01935483870968,41.053258
San Luis Obispo County,2016-08,79.05483870967741,37.1326164874552,46233.918
San Luis Obispo County,2017-05,49.22119815668204,70.91397849462366,405.003502
San Luis Obispo County,2017-06,63.73763440860216,48.4111111111111,1824.686452
San Luis Obispo County,2017-07,40.22739375320021,83.58376856118792,29583.237681
San Luis Obispo County,2017-08,42.49231950844854,70.15399385560676,83.02915
San Luis Obispo County,2017-09,48.49892473118279,52.878136200716845,519.740243
San Luis Obispo County,2017-10,49.29651817716334,70.94690220174091,101.832159
San Luis Obispo County,2018-02,51.82450076804914,72.12058371735792,5.25598
San Luis Obispo County,2018-06,75.52795698924733,43.84229390681004,134.2837198
San Luis Obispo County,2018-07,57.91589861751152,67.15524833589349,19.0949648
San Luis Obispo County,2018-08,72.97741935483872,63.25304659498209,3.0390003
San Luis Obispo County,2018-09,68.28387096774195,67.11899641577061,180.84118069000002
San Luis Obispo County,2018-10,63.56705069124425,58.305427547363045,58.527103
San Luis Obispo County,2019-04,73.23082437275987,46.53010752688172,1.9085453
San Luis Obispo County,2019-05,79.63010752688173,43.30215053763441,875.5348836999999
San Luis Obispo County,2019-06,54.653046594982065,60.0010752688172,3061.41261153
San Luis Obispo County,2019-07,68.3921146953405,51.967741935483865,1073.4612405
San Luis Obispo County,2019-08,83.00860215053764,43.48351254480286,22.362335
San Luis Obispo County,2019-09,35.609677419354846,79.46559139784945,218.8293976
San Luis Obispo County,2019-10,63.07849462365593,49.78566308243728,0.31363985
San Luis Obispo County,2020-05,53.03725038402458,68.25076804915516,62.605521700000004
San Luis Obispo County,2020-06,58.07562724014336,72.99713261648746,2329.8339239
San Luis Obispo County,2020-07,54.20051203277009,68.32624167946749,3715.4923267
San Luis Obispo County,2020-08,50.33678955453147,53.366743471582176,2983.637415
San Luis Obispo County,2020-09,60.260215053763424,47.464516129032255,1.0168997
San Luis Obispo County,2020-10,55.05064004096263,71.3616231438812,9.739086799999999
San Luis Obispo County,2020-11,54.449692780337934,64.02649769585253,9.1514051
San Luis Obispo County,2020-12,61.158781362007176,49.71254480286738,22.70941
Siskiyou County,2008-08,51.59354838709677,59.34372759856632,6067.5005
Siskiyou County,2008-09,52.97388632872503,76.54224270353302,29.577476
Siskiyou County,2009-03,52.524193548387096,59.03494623655914,59.491119
Siskiyou County,2009-09,63.16628264208908,44.65130568356374,103.36531
Siskiyou County,2009-10,65.33548387096775,63.47921146953404,6.1982527
Siskiyou County,2010-03,79.38458781362009,50.15197132616488,7.196177
Siskiyou County,2010-06,73.57347670250896,46.70752688172042,3.5509268
Siskiyou County,2010-07,70.94193548387096,50.75232974910394,34.76550556
Siskiyou County,2010-08,62.43082437275985,66.49856630824372,4.8135028
Siskiyou County,2010-09,64.93405017921145,78.71290322580644,2.7510304
Siskiyou County,2011-02,51.63333333333333,50.05985663082438,7.5725226
Siskiyou County,2011-06,69.72867383512545,39.937992831541216,13.694980699999999
Siskiyou County,2011-07,49.05197132616488,63.34659498207886,4.57812816
Siskiyou County,2011-08,63.017921146953405,66.27311827956989,21.4813987
Siskiyou County,2011-09,44.82910906298003,75.11827956989247,140.46976198000002
Siskiyou County,2011-10,46.78243727598565,54.42293906810036,21.0386533
Siskiyou County,2011-11,64.85842293906809,41.22150537634407,2.1168175
Siskiyou County,2012-01,51.05555555555554,68.34587813620071,0.76610053
Siskiyou County,2012-02,70.38279569892474,45.009318996415765,2.311249
Siskiyou County,2012-03,42.06221198156682,73.61751152073734,14.5091027
Siskiyou County,2012-04,44.74265232974911,73.62867383512547,102.5156518
Siskiyou County,2012-06,51.73963133640552,75.95852534562212,195.12501437000003
Siskiyou County,2012-07,49.62043010752689,74.93405017921147,26.254522769999998
Siskiyou County,2012-08,75.79569892473118,21.19641577060932,6.2242751
Siskiyou County,2012-09,60.25384024577572,39.43164362519202,0.816393755
Siskiyou County,2013-05,62.42508960573476,66.12078853046596,0.45013461
Siskiyou County,2013-06,87.59928315412186,21.697491039426524,2.1471748
Siskiyou County,2013-07,83.93620071684587,26.396774193548385,46.895495311
Siskiyou County,2013-08,65.81505376344086,39.40501792114696,49.517189
Siskiyou County,2013-09,72.94767025089605,57.51326164874553,7.3271341
Siskiyou County,2014-07,48.050537634408606,75.49175627240145,11.163079
Siskiyou County,2014-09,84.84659498207886,29.889247311827955,516.29285
Siskiyou County,2015-07,53.74265232974909,51.962007168458776,472.11089599999997
Siskiyou County,2016-05,66.19390681003584,59.19784946236558,0.20091313
Siskiyou County,2016-07,75.06093189964157,35.460573476702514,53.34395953000001
Siskiyou County,2016-08,53.63369175627239,71.95448028673835,710.60615339
Siskiyou County,2016-09,71.6652329749104,59.70609318996416,29.494858914
Siskiyou County,2017-02,66.9043010752688,59.52150537634409,16.052105
Siskiyou County,2017-05,64.98745519713263,63.582795698924734,0.53255153
Siskiyou County,2017-06,80.13082437275986,48.37060931899641,136.52700354
Siskiyou County,2017-07,39.0010752688172,72.45483870967742,670.703009015
Siskiyou County,2017-08,56.03691756272402,53.78279569892473,33441.774455060004
Siskiyou County,2017-09,71.79677419354839,39.59032258064517,2.84568564
Siskiyou County,2017-10,45.89175627240144,55.41003584229392,5.497603614
Siskiyou County,2017-11,59.11218637992831,58.6921146953405,0.22167823
Siskiyou County,2018-02,70.22186379928313,45.41075268817204,12.398717
Siskiyou County,2018-03,48.99692780337941,64.22542242703533,3.213341
Siskiyou County,2018-04,50.51899641577062,64.98136200716846,1.0942538
Siskiyou County,2018-05,73.42903225806452,35.40250896057348,3.7569014999999997
Siskiyou County,2018-06,53.86405529953917,61.50537634408602,41.1856011
Siskiyou County,2018-07,55.64802867383512,65.93512544802867,38239.90477295999
Siskiyou County,2018-10,64.01075268817205,55.61290322580646,38132.963814
Siskiyou County,2019-04,68.6673835125448,60.00071684587814,3.2366233
Siskiyou County,2019-05,60.22508960573477,70.55913978494624,7.526093
Siskiyou County,2019-06,79.41362007168459,42.30430107526882,36.686626000000004
Siskiyou County,2019-09,64.77491039426523,45.74731182795699,28.2639514
Siskiyou County,2020-02,49.75878136200717,64.85053763440861,2.80249
Siskiyou County,2020-04,65.84086021505375,53.71146953405017,1.7493327
Siskiyou County,2020-05,62.05340501792114,71.10358422939068,13.73043
Siskiyou County,2020-06,68.04408602150538,71.71827956989246,4.573523
Siskiyou County,2020-07,52.52867383512544,62.39677419354839,81836.9101558
Siskiyou County,2020-08,64.8179211469534,41.83440860215054,2.3604331
Siskiyou County,2020-09,85.00896057347667,26.08673835125448,74.71431000000001
Trinity County,2008-07,39.11720430107527,68.20358422939067,31.177931
Trinity County,2008-08,62.93978494623656,49.92365591397851,249.72927099999998
Trinity County,2008-09,72.21827956989249,38.28494623655916,3238.452045
Trinity County,2008-10,57.28172043010753,56.84121863799282,59.07655
Trinity County,2009-01,60.481362007168464,53.17419354838711,37.1925745
Trinity County,2009-04,53.5,62.07383512544803,10.651241
Trinity County,2009-07,63.13584229390681,38.56594982078852,1576.3230819999999
Trinity County,2009-08,58.23533026113671,61.58648233486943,18641.6602867
Trinity County,2009-09,60.67127496159754,53.68010752688172,15.41852
Trinity County,2010-07,64.54193548387097,51.94659498207886,191.7495904
Trinity County,2011-06,72.20716845878135,35.86236559139784,31.468737
Trinity County,2011-08,69.68853046594981,55.33584229390681,6.8839436
Trinity County,2011-09,79.54802867383512,53.87096774193548,16.8334544
Trinity County,2011-12,84.4548387096774,34.00107526881719,21.020241
Trinity County,2012-07,49.33046594982079,82.06917562724016,2758.0874000000003
Trinity County,2012-08,58.57890424987198,34.64262672811059,47129.341639
Trinity County,2012-09,55.23771121351766,33.0042242703533,5765.608596
Trinity County,2012-10,63.85232974910394,28.46559139784946,9.7144165
Trinity County,2013-07,77.60716845878137,25.23799283154122,58.5945489
Trinity County,2013-08,63.79692780337942,34.97693292370711,182.43959
Trinity County,2013-09,76.88064516129033,52.2247311827957,8075.7744
Trinity County,2014-04,62.71577060931899,55.89462365591397,10.934291
Trinity County,2014-07,70.17849462365591,54.66917562724014,18953.354932
Trinity County,2014-08,75.48387096774194,39.89175627240143,460.56522
Trinity County,2014-09,85.91899641577061,37.6258064516129,1388.1704120000002
Trinity County,2015-02,61.26953405017921,80.27240143369175,224.784991
Trinity County,2015-06,47.29454685099847,63.80837173579109,15796.917599999999
Trinity County,2015-07,54.91362007168459,53.09534050179212,143143.822213925
Trinity County,2015-08,82.17777777777778,31.66057347670251,248.14914599999997
Trinity County,2015-09,48.31720430107527,63.27880184331797,41.327965
Trinity County,2015-10,60.09318996415772,47.65017921146954,52.840431
Trinity County,2016-05,61.9531490015361,50.88051715309779,83.680412
Trinity County,2016-07,58.71290322580645,62.21971326164874,330.9144
Trinity County,2017-04,70.58745519713261,56.87025089605737,45.218472
Trinity County,2017-07,69.99749103942652,55.33261648745519,178.81000189999997
Trinity County,2017-08,64.67598566308243,48.75376344086022,21985.977779
Trinity County,2017-09,71.29498207885304,45.2236559139785,14351.354749999999
Trinity County,2017-10,54.60609318996416,54.28602150537635,35.519821
Trinity County,2018-06,50.90783410138249,74.57296466973887,2151.9731627
Trinity County,2018-07,62.18781362007169,56.66308243727598,229806.179168
Trinity County,2018-08,78.59390681003585,38.75913978494623,48106.71122
Trinity County,2018-09,60.01267281105991,56.37288786482336,65318.42073699999
Trinity County,2019-05,55.66986687147977,60.1352790578597,12.596249
Trinity County,2019-06,51.773041474654384,60.008064516129046,129.06361
Trinity County,2019-07,61.03046594982078,63.31039426523298,75.33748299999999
Trinity County,2019-08,56.70171530977982,65.01530977982591,685.048504
Trinity County,2019-09,47.43087557603686,74.74769585253455,7017.2626924
Trinity County,2019-10,52.197132616487465,61.55878136200717,42.175037
Trinity County,2019-11,37.93123399897596,79.35739887352791,10.585982
Trinity County,2020-02,55.59651817716334,73.405273937532,10.7585
Trinity County,2020-04,58.286379928315405,64.05663082437276,57.785629
Trinity County,2020-05,68.94121863799283,62.70179211469534,27.245562
Trinity County,2020-06,64.10143369175627,76.90035842293906,77.028761
Trinity County,2020-07,63.71039426523297,67.8,435.782178
Trinity County,2020-08,73.9279569892473,45.11505376344087,270.65076
Trinity County,2020-09,86.705376344086,36.11254480286738,56768.68135
Trinity County,2020-10,70.72293906810033,48.78566308243728,181.44722
Ventura County,2008-10,67.39175627240142,59.34014336917563,22.345585
Ventura County,2008-12,79.04731182795699,45.78351254480288,0.48521397
Ventura County,2009-08,58.145929339477725,56.52035330261136,112.46517
Ventura County,2009-09,60.9168458781362,43.28028673835126,17543.423453000003
Ventura County,2009-10,74.12078853046594,47.246953405017926,56.45208
Ventura County,2010-07,52.71326164874552,72.3652329749104,77.968796
Ventura County,2010-09,62.47240143369175,72.29175627240143,41.612827
Ventura County,2011-06,67.1663082437276,45.391039426523285,4.4857216
Ventura County,2011-07,45.91863799283154,66.65232974910394,102.0191806
Ventura County,2011-08,73.90465949820789,56.86774193548388,4.0264583
Ventura County,2011-12,76.73369175627239,45.31971326164873,69.6462799
Ventura County,2012-08,75.91254480286739,48.92831541218639,161.497549
Ventura County,2012-10,77.37849462365591,22.89032258064516,12.363678
Ventura County,2013-04,63.33620071684587,63.415770609319,145.23349
Ventura County,2013-05,55.57718894009216,66.8536866359447,24072.903441
Ventura County,2013-06,55.52724014336917,62.24874551971326,63.693051999999994
Ventura County,2013-11,56.48348694316437,63.453917050691246,22.438803
Ventura County,2013-12,56.93405017921148,57.473835125448026,44.731339
Ventura County,2014-02,29.71966205837173,76.14324116743472,20.156761
Ventura County,2014-05,82.5942652329749,40.26810035842293,8.9324331
Ventura County,2014-06,79.48351254480285,45.117562724014334,1.9935428
Ventura County,2014-07,62.05448028673834,70.03584229390681,2.43662563
Ventura County,2014-09,78.10501792114695,45.21433691756272,12.617902
Ventura County,2015-02,66.55698924731183,77.7910394265233,0.055349458
Ventura County,2015-03,58.38709677419356,80.00071684587813,0.0062579513
Ventura County,2015-04,74.99928315412187,36.23727598566308,4.6806836
Ventura County,2015-05,90.22544802867384,33.33870967741935,4.84111497
Ventura County,2015-06,50.65806451612903,53.77455197132616,173.67830628
Ventura County,2015-07,67.95770609318997,37.71254480286738,79.8663049
Ventura County,2015-08,80.03727598566307,33.937275985663085,193.32250960000002
Ventura County,2015-09,50.34193548387097,55.41254480286739,0.24679853959999998
Ventura County,2015-10,66.55842293906811,55.0225806451613,0.55482715
Ventura County,2015-11,46.2016129032258,78.18932411674348,41.360685
Ventura County,2015-12,48.903584229390674,71.40752688172043,1312.258028446
Ventura County,2016-02,30.51228878648234,86.3068356374808,2.0338473
Ventura County,2016-03,32.169534050179216,82.34121863799284,3.2143123
Ventura County,2016-04,54.0652329749104,48.5989247311828,46.159996
Ventura County,2016-05,54.22388632872503,54.61443932411674,13.1199243
Ventura County,2016-06,56.61971326164875,57.96917562724014,5.2276363
Ventura County,2016-07,51.64014336917561,66.18172043010755,98.91980176000001
Ventura County,2016-09,46.81505376344085,59.71397849462365,0.52292232
Ventura County,2016-12,78.64193548387097,39.95376344086021,40.238644
Ventura County,2017-04,64.03906810035842,66.17419354838711,3.7616959000000003
Ventura County,2017-05,77.43691756272402,52.91505376344086,14.6884363
Ventura County,2017-06,71.36200716845879,58.38458781362007,3.4551429000000002
Ventura County,2017-07,62.570609318996425,60.502508960573465,83.2363884
Ventura County,2017-08,69.45197132616488,43.10896057347671,3.9235837
Ventura County,2017-09,66.23799283154122,53.82831541218638,1.190109
Ventura County,2017-10,48.90788530465949,71.59390681003585,87.58131870000001
Ventura County,2017-11,77.75519713261649,36.43691756272403,4.6660614
Ventura County,2017-12,75.88136200716846,45.93763440860215,281794.96067667997
Ventura County,2018-01,70.97956989247311,41.91397849462365,3.6702191888
Ventura County,2018-02,87.76236559139784,34.95304659498208,0.61097966
Ventura County,2018-03,79.50465949820787,45.27885304659498,258.63864
Ventura County,2018-04,66.40071684587814,44.25770609318996,0.39263305
Ventura County,2018-05,84.28028673835126,30.60537634408602,0.34390971
Ventura County,2018-06,52.73440860215053,66.04193548387097,50.113164811
Ventura County,2018-07,68.68602150537635,42.7010752688172,3.7347097641
Ventura County,2018-08,84.50716845878135,39.4594982078853,25.710260728
Ventura County,2018-09,60.72508960573477,61.62831541218639,66.7711177021
Ventura County,2018-10,73.66415770609319,58.53189964157707,6.488588927
Ventura County,2018-11,80.79641577060933,56.04480286738352,4659.063439801
Ventura County,2018-12,63.00035842293906,37.26917562724014,0.0097211637
Ventura County,2019-07,59.03763440860215,62.29283154121864,142.437011
Ventura County,2019-10,37.18351254480287,85.27060931899642,12020.11109
Ventura County,2020-05,31.91973886328725,75.54262672811059,1320.7233
Ventura County,2020-06,60.60501792114695,77.48853046594982,1101.5134
Ventura County,2020-07,60.4584229390681,72.1146953405018,40.0872713
Ventura County,2020-08,85.34982078853047,33.69068100358423,2204.695001
Ventura County,2020-12,72.52114695340502,55.17204301075268,39.82645
Yuba County,2008-07,49.42043010752688,63.67347670250896,80.084793
Yuba County,2008-08,68.20143369175628,45.2068100358423,164.194421
Yuba County,2008-09,65.3863799283154,46.44408602150539,1595.925549
Yuba County,2008-10,69.54659498207884,54.29175627240144,49.575794
Yuba County,2009-03,46.337992831541214,54.935483870967744,83.006935
Yuba County,2009-04,63.52616487455197,55.0573476702509,25.314465
Yuba County,2009-05,51.65476190476191,60.24385560675884,15.640191
Yuba County,2009-06,53.4168458781362,41.9010752688172,118.927864
Yuba County,2009-07,62.854121863799286,45.934050179211454,1002.7710129999999
Yuba County,2009-08,56.07181259600615,58.61904761904761,4463.002738499999
Yuba County,2009-09,59.048387096774185,48.07670250896058,124.40567200000001
Yuba County,2010-06,70.45197132616488,46.87598566308244,207.22079
Yuba County,2010-07,56.23942652329749,61.65878136200717,147.577605
Yuba County,2010-08,43.71082949308755,78.73271889400922,1779.175516
Yuba County,2010-10,57.79032258064515,79.95340501792114,654.022468
Yuba County,2011-05,70.952688172043,35.59390681003583,240.43732
Yuba County,2011-06,68.43584229390682,41.50465949820787,18.570866
Yuba County,2011-07,65.3594982078853,54.11326164874552,532.157433
Yuba County,2011-08,75.27096774193548,59.15591397849462,326.099882
Yuba County,2011-09,73.06308243727598,59.59139784946236,158.806606
Yuba County,2011-12,53.3089605734767,63.59784946236559,16.591211
Yuba County,2012-06,46.53333333333334,77.52759856630824,436.4452593
Yuba County,2012-07,61.46093189964159,62.3326164874552,3087.869561
Yuba County,2012-08,52.2910906298003,47.920122887864814,109.87629
Yuba County,2012-10,73.68853046594982,23.242652329749102,79.675667
Yuba County,2013-05,54.9347158218126,75.86751152073732,62.562929999999994
Yuba County,2013-07,70.3573476702509,28.58673835125448,121.7166438
Yuba County,2013-08,57.25076804915514,35.05030721966205,27519.198377
Yuba County,2013-09,71.431541218638,56.16666666666666,263.8782352
Yuba County,2014-01,37.41469534050179,78.3068100358423,115.163469
Yuba County,2014-05,78.23655913978494,50.65734767025089,9.5848856
Yuba County,2014-06,79.11182795698925,46.62724014336917,9.8136292
Yuba County,2014-07,68.45878136200717,41.345519713261645,154.6295388
Yuba County,2014-08,79.71254480286738,39.67562724014337,81.862617
Yuba County,2014-09,81.23763440860215,41.66272401433692,276.56519099999997
Yuba County,2014-10,63.46666666666667,64.63476702508962,458.97546
Yuba County,2015-06,49.08064516129033,46.18781362007169,233.03840899999997
Yuba County,2015-07,65.23870967741935,42.99283154121864,2410.277944
Yuba County,2015-08,51.985023041474655,69.48463901689708,58.1259219
Yuba County,2015-09,53.841218637992846,43.20501792114696,30.555107
Yuba County,2016-03,37.67813620071685,67.29928315412187,22.82077
Yuba County,2016-04,61.56487455197132,56.47060931899642,23.262161
Yuba County,2016-05,58.98732718894008,57.60176651305684,200.093293
Yuba County,2016-06,55.9774193548387,59.39139784946235,106.116489
Yuba County,2016-07,55.54910394265232,59.22544802867384,23.137691
Yuba County,2016-08,43.29301075268816,80.09485407066053,412.167187
Yuba County,2016-09,72.13691756272402,55.89462365591398,490.19034250000004
Yuba County,2016-10,61.90430107526882,65.30179211469533,13.914779
Yuba County,2017-05,74.95304659498208,57.7763440860215,10.771694
Yuba County,2017-07,60.75913978494625,66.05448028673835,334.939369
Yuba County,2017-08,70.25519713261649,45.9405017921147,2331.52149
Yuba County,2017-09,68.1752688172043,52.70609318996416,124.84374600000001
Yuba County,2017-10,63.23584229390681,44.98351254480286,17075.0232665
Yuba County,2018-06,51.52867383512544,77.68602150537633,134.9949429
Yuba County,2018-07,70.21075268817204,47.46630824372759,1297.6658469
Yuba County,2018-08,86.15555555555557,33.033333333333324,763.3892232
Yuba County,2018-09,61.00824372759857,60.37634408602151,1145.0358509999999
Yuba County,2018-11,63.23425499231951,44.02227342549923,40.303265
Yuba County,2019-05,52.95046082949309,61.47964669738863,87.47647799999999
Yuba County,2019-06,52.445519713261646,61.04444444444446,974.694557
Yuba County,2019-07,52.2268817204301,75.41433691756272,49.3307395
Yuba County,2019-08,49.795314900153606,77.49769585253456,22.343132
Yuba County,2019-10,46.91146953405018,62.07096774193548,21.2821922
Yuba County,2019-11,37.34139784946239,73.22580645161291,24.590448
Yuba County,2020-02,53.55337941628264,71.87173579109064,101.76651
Yuba County,2020-03,63.34336917562724,61.35304659498208,94.523724
Yuba County,2020-04,48.39749103942652,71.95412186379927,10.31596
Yuba County,2020-06,64.41541218637992,73.24551971326166,878.773237
Yuba County,2020-07,60.32150537634408,70.43010752688171,272.1884746
Yuba County,2020-08,81.88602150537633,41.74551971326164,47525.679444
Yuba County,2020-09,81.35698924731182,39.78709677419355,1309.09
Yuba County,2020-10,71.59677419354838,42.44336917562723,83.90299
Yuba County,2020-12,72.28530465949821,57.636917562724015,15.85951
